"id","admin_id","creator_id","viewed_at"
"03799514-90a0-46ba-bb06-ee3685f8efee","babf9685-2b08-401b-9dd4-4c36c090b465","ad9bc77b-aaac-4cdc-8d6f-4a9a4c9dc0ea","""2026-01-12T19:27:47.607Z"""
"04610b42-b127-4e4d-a3d2-ed01d2e654e3","bfc650b0-0d26-449d-86e3-5886a4aae3fb","dc5918f5-56d1-45c2-8881-2e4cdc4f0105","""2026-02-05T10:45:27.472Z"""
"0601b99f-9379-4089-a3d5-6a52a8795d1e","babf9685-2b08-401b-9dd4-4c36c090b465","8677b792-9546-451e-9afe-47199bd80177","""2026-01-17T15:13:55.497Z"""
"0bd68c5a-1ec4-4d73-8b58-1785fe23bbbd","bfc650b0-0d26-449d-86e3-5886a4aae3fb","ad9bc77b-aaac-4cdc-8d6f-4a9a4c9dc0ea","""2026-01-11T19:56:35.254Z"""
"0da83b3f-22d3-4f67-b57e-4bffba82240a","babf9685-2b08-401b-9dd4-4c36c090b465","7bbf3edc-8d8e-4b1a-bc57-04c8836619fa","""2026-01-08T15:39:59.295Z"""
"24c2e808-fee9-439b-9ca5-a71b6c92e0f2","bfc650b0-0d26-449d-86e3-5886a4aae3fb","8677b792-9546-451e-9afe-47199bd80177","""2026-01-08T14:27:33.722Z"""
"267ee648-9486-463c-9674-aba2ea033071","bfc650b0-0d26-449d-86e3-5886a4aae3fb","efd474e5-3bf5-48df-9805-f471343dd839","""2025-12-15T17:33:17.516Z"""
"2760bd28-52a7-41c8-885d-86cb92aff021","bfc650b0-0d26-449d-86e3-5886a4aae3fb","505a631a-2304-4ca6-8d22-90c9ba9294a2","""2026-02-11T16:46:53.549Z"""
"27f03376-861b-4316-92f7-2ca53f393ef6","babf9685-2b08-401b-9dd4-4c36c090b465","6a5ff7a2-890c-46b3-8bc6-aae5c5269df9","""2026-01-12T19:18:39.654Z"""
"28f9fc68-caa0-45a9-a73c-a68c9080cd02","babf9685-2b08-401b-9dd4-4c36c090b465","a7f9d44b-7577-479e-b154-9ddce10f1508","""2025-12-16T17:17:37.528Z"""
"2af2d16b-54ef-4979-9323-19fffb6ef3e0","babf9685-2b08-401b-9dd4-4c36c090b465","d54690fa-9a7b-464f-8707-e39d61e97909","""2025-12-20T08:44:02.306Z"""
"2b0b5126-0c8c-4718-befa-0e985d3c3abc","bfc650b0-0d26-449d-86e3-5886a4aae3fb","6890def8-5980-4a20-a681-602f9e113f9e","""2026-01-10T19:07:54.706Z"""
"3671f2e0-8523-4362-ac7a-da81326e93c7","bfc650b0-0d26-449d-86e3-5886a4aae3fb","96e1e78f-9028-4b32-aa2f-4f9bb1e7f5aa","""2026-01-24T10:55:18.852Z"""
"39ec4a94-ece2-43d4-9c6e-ac2779448766","bfc650b0-0d26-449d-86e3-5886a4aae3fb","5d7c36d0-4021-4c91-b7d9-24ee83fa9a76","""2026-01-31T15:18:14.354Z"""
"3b27bb17-852c-4232-bce2-39df46900cce","bfc650b0-0d26-449d-86e3-5886a4aae3fb","0a865508-2f76-4943-bfd5-0d587344e44f","""2026-02-10T17:50:26.632Z"""
"428d9669-787c-4afa-a897-a977239de207","bfc650b0-0d26-449d-86e3-5886a4aae3fb","088704ef-f125-4323-af15-61be51cd54a3","""2026-01-13T17:12:57.897Z"""
"464b8ca5-7c2e-402b-a7c6-bc7fd244363b","babf9685-2b08-401b-9dd4-4c36c090b465","7c944ebf-5ec8-4339-b228-e96ee1476f1b","""2026-01-15T07:25:26.434Z"""
"46f8329a-ba9d-4c76-9a90-7771c53d70cc","bfc650b0-0d26-449d-86e3-5886a4aae3fb","a76381fc-72b9-461e-8736-39bedb6ac170","""2026-01-26T16:27:50.240Z"""
"583d89db-a90d-4dc3-ba0a-60dd96355873","bfc650b0-0d26-449d-86e3-5886a4aae3fb","a7708f14-c2be-4d45-bdfe-992723de9902","""2025-12-18T08:19:08.716Z"""
"598fa4e7-bfd5-4718-925f-c649f0ab52bb","bfc650b0-0d26-449d-86e3-5886a4aae3fb","e2cff90e-487c-4b46-8382-54c8768085fb","""2026-01-10T19:07:50.133Z"""
"6d7868dd-81b8-47e7-b9c2-fda4313a0cdd","bfc650b0-0d26-449d-86e3-5886a4aae3fb","4407e579-ab87-447e-90ba-b637396bcbd1","""2026-01-05T14:56:08.705Z"""
"6f1d2d4e-f4a9-402e-adc6-3b016aa4d0fc","bfc650b0-0d26-449d-86e3-5886a4aae3fb","45332657-2a7e-430d-96db-9dec143f7d6f","""2026-01-04T14:00:46.605Z"""
"6f9d07b3-fbeb-4eff-982d-6d497e5066f1","bfc650b0-0d26-449d-86e3-5886a4aae3fb","0b30bf4e-263d-44c8-b0d2-b1a4e5d84edc","""2026-01-13T05:14:19.662Z"""
"70ec4a72-57a5-4d9a-a785-83ab5dca5ee9","bfc650b0-0d26-449d-86e3-5886a4aae3fb","2b6ef999-01e7-4fd1-bbcc-f2bd8f136c40","""2026-02-10T17:49:44.142Z"""
"786fed3a-51e4-42a0-890b-a3e265a5b254","bfc650b0-0d26-449d-86e3-5886a4aae3fb","7c944ebf-5ec8-4339-b228-e96ee1476f1b","""2026-01-08T14:27:47.513Z"""
"795b788b-dbd7-4e78-bc09-69bcaa508cd9","bfc650b0-0d26-449d-86e3-5886a4aae3fb","f16c9866-6790-42b0-a19b-47ca08309558","""2026-01-30T14:05:30.931Z"""
"7968b99c-b51c-44d6-a4e0-cbffadf04659","bfc650b0-0d26-449d-86e3-5886a4aae3fb","2c757504-b112-468c-8d7a-66fda878f492","""2026-02-08T23:23:47.764Z"""
"7c5230f7-91c0-4a1e-960a-2254c6351a83","bfc650b0-0d26-449d-86e3-5886a4aae3fb","3de7e658-c701-46cd-aa2b-69b8cd51f289","""2026-02-08T23:24:42.971Z"""
"7e39db7d-a373-4dc2-80d5-e0713fa5675d","bfc650b0-0d26-449d-86e3-5886a4aae3fb","d54690fa-9a7b-464f-8707-e39d61e97909","""2025-12-26T05:46:39.693Z"""
"7fe14e4d-023e-4c58-880a-573ac0520e09","bfc650b0-0d26-449d-86e3-5886a4aae3fb","4218f75d-4d54-4c39-af99-272d0d042276","""2025-12-15T17:40:19.607Z"""
"81b54b7e-4cce-4ca9-a549-0831526fe057","babf9685-2b08-401b-9dd4-4c36c090b465","a7708f14-c2be-4d45-bdfe-992723de9902","""2025-12-20T09:42:04.850Z"""
"8296455c-5a89-45db-b033-a97a6ef51ca5","babf9685-2b08-401b-9dd4-4c36c090b465","e2cff90e-487c-4b46-8382-54c8768085fb","""2026-01-12T19:28:11.510Z"""
"928410fd-5797-4f5a-83ed-d65620975f6b","bfc650b0-0d26-449d-86e3-5886a4aae3fb","8e384bcb-a3e8-47cd-9f64-1d889708fc11","""2026-01-16T16:55:51.024Z"""
"9845e502-7e4f-4059-8eb2-3664058b5c12","babf9685-2b08-401b-9dd4-4c36c090b465","6890def8-5980-4a20-a681-602f9e113f9e","""2026-01-10T06:18:12.040Z"""
"9963ced3-7a5d-4aee-bf9e-3a2aed0acd82","babf9685-2b08-401b-9dd4-4c36c090b465","45332657-2a7e-430d-96db-9dec143f7d6f","""2026-01-04T10:14:59.043Z"""
"9af00d56-aece-428b-af7f-2683bb1d20ee","babf9685-2b08-401b-9dd4-4c36c090b465","25e185ca-b8c9-4935-8d26-a9ab20d599ed","""2026-01-12T19:23:37.490Z"""
"9e766211-6cf5-486c-9d71-9d0e88eee303","babf9685-2b08-401b-9dd4-4c36c090b465","4407e579-ab87-447e-90ba-b637396bcbd1","""2026-01-06T20:19:45.054Z"""
"a486dc3e-a98f-40e5-a201-fd68d3301b17","bfc650b0-0d26-449d-86e3-5886a4aae3fb","400fca2d-376f-449b-aa93-062c97f7c3f7","""2026-01-08T14:27:42.641Z"""
"a544e8d5-c1d2-4b56-8587-f686b853edd2","babf9685-2b08-401b-9dd4-4c36c090b465","0b30bf4e-263d-44c8-b0d2-b1a4e5d84edc","""2026-01-15T07:23:13.655Z"""
"a9de7207-ad1d-492a-b410-9e9f7f9e1d62","babf9685-2b08-401b-9dd4-4c36c090b465","efd474e5-3bf5-48df-9805-f471343dd839","""2025-12-15T17:06:37.183Z"""
"ab1a494c-eff3-4a8d-b2d5-f355c7d85747","babf9685-2b08-401b-9dd4-4c36c090b465","400fca2d-376f-449b-aa93-062c97f7c3f7","""2026-01-12T19:29:50.438Z"""
"b0ab1c9f-1af2-4fbb-afda-c40fa8ad6ca8","bfc650b0-0d26-449d-86e3-5886a4aae3fb","ae7a80c7-f083-4a4e-9b53-74db6df5a8e2","""2026-01-27T07:09:00.421Z"""
"c354dd7f-7775-40d6-a2b6-39b286e288dc","babf9685-2b08-401b-9dd4-4c36c090b465","8e384bcb-a3e8-47cd-9f64-1d889708fc11","""2026-01-16T06:41:25.236Z"""
"c53353e2-c987-4ceb-a41e-ae1be828dec9","bfc650b0-0d26-449d-86e3-5886a4aae3fb","25e185ca-b8c9-4935-8d26-a9ab20d599ed","""2026-01-08T14:27:58.212Z"""
"ccae9cc1-5102-413e-8cea-944cf635b2cf","bfc650b0-0d26-449d-86e3-5886a4aae3fb","63315673-8da7-4cb8-8d6a-63f3f0cca406","""2026-01-28T09:29:36.182Z"""
"cf07ebc6-6b3d-44f6-99d4-d0d5a496cefb","bfc650b0-0d26-449d-86e3-5886a4aae3fb","40dc2904-d935-4a42-b601-6ba9bb13d321","""2026-02-08T23:26:13.259Z"""
"d0846ef9-47ed-455f-a779-a3499a8c1fe7","bfc650b0-0d26-449d-86e3-5886a4aae3fb","7bbf3edc-8d8e-4b1a-bc57-04c8836619fa","""2026-01-08T14:28:09.128Z"""
"d29f63df-479c-469e-bb3f-6009e1cdbf3d","babf9685-2b08-401b-9dd4-4c36c090b465","4218f75d-4d54-4c39-af99-272d0d042276","""2025-12-15T17:37:00.547Z"""
"d802c9ca-e18d-4c92-aab0-ea10447bbc36","bfc650b0-0d26-449d-86e3-5886a4aae3fb","6a5ff7a2-890c-46b3-8bc6-aae5c5269df9","""2026-01-10T19:07:39.918Z"""
"e320d4ec-9857-4f64-ab76-d513e5323aab","bfc650b0-0d26-449d-86e3-5886a4aae3fb","ec5fd739-4e83-4038-98fa-ea867934f66b","""2026-01-22T16:37:30.932Z"""
"f67cc6b1-f784-4ce4-80b9-5e00262e2a48","babf9685-2b08-401b-9dd4-4c36c090b465","088704ef-f125-4323-af15-61be51cd54a3","""2026-01-15T07:28:37.375Z"""
"fb67ea58-e7b8-4ad4-9d68-09da9f440561","bfc650b0-0d26-449d-86e3-5886a4aae3fb","a7f9d44b-7577-479e-b154-9ddce10f1508","""2025-12-15T17:48:57.377Z"""